{"minzoom":0,"maxzoom":9,"center":[47.460938,40.178342,9.0],"bounds":[44.752661,38.391823,50.619649,41.90861]}