{"minzoom":0,"maxzoom":8,"center":[47.109375,40.444817,8.0],"bounds":[44.752661,38.391823,50.619649,41.90861]}